event,period,play_clock,home_score,away_score,margin,player_name,player_team,home_team,away_team,wall_clock
SP,1,12:00,0,0,0,,,OKC,DAL,10:06 PM
IN,1,12:00,0,0,0,Chet Holmgren,OKC,OKC,DAL,10:06 PM
IN,1,12:00,0,0,0,Luguentz Dort,OKC,OKC,DAL,10:06 PM
IN,1,12:00,0,0,0,Josh Giddey,OKC,OKC,DAL,10:06 PM
IN,1,12:00,0,0,0,Shai Gilgeous-Alexander,OKC,OKC,DAL,10:06 PM
IN,1,12:00,0,0,0,Jalen Williams,OKC,OKC,DAL,10:06 PM
IN,1,12:00,0,0,0,P.J. Washington,DAL,OKC,DAL,10:06 PM
IN,1,12:00,0,0,0,Danté Exum,DAL,OKC,DAL,10:06 PM
IN,1,12:00,0,0,0,Daniel Gafford,DAL,OKC,DAL,10:06 PM
IN,1,12:00,0,0,0,Derrick Jones Jr.,DAL,OKC,DAL,10:06 PM
IN,1,12:00,0,0,0,Kyrie Irving,DAL,OKC,DAL,10:06 PM
JM,1,12:00,0,0,0,Chet Holmgren,OKC,OKC,DAL,10:06 PM
2MI,1,11:40,0,0,0,Chet Holmgren,OKC,OKC,DAL,10:07 PM
DR,1,11:39,0,0,0,P.J. Washington,DAL,OKC,DAL,10:07 PM
2MI,1,11:33,0,0,0,Danté Exum,DAL,OKC,DAL,10:07 PM
OR,1,11:29,0,0,0,Daniel Gafford,DAL,OKC,DAL,10:07 PM
2MI,1,11:28,0,0,0,Daniel Gafford,DAL,OKC,DAL,10:07 PM
DR,1,11:25,0,0,0,Chet Holmgren,OKC,OKC,DAL,10:07 PM
2MI,1,11:09,0,0,0,Luguentz Dort,OKC,OKC,DAL,10:07 PM
DR,1,11:07,0,0,0,Daniel Gafford,DAL,OKC,DAL,10:07 PM
ST,1,10:58,0,0,0,Shai Gilgeous-Alexander,OKC,OKC,DAL,10:07 PM
TO,1,10:58,0,0,0,Danté Exum,DAL,OKC,DAL,10:07 PM
AS,1,10:54,0,2,2,Jalen Williams,OKC,OKC,DAL,10:07 PM
2MA,1,10:54,0,2,2,Josh Giddey,OKC,OKC,DAL,10:07 PM
AS,1,10:30,2,2,TIE,Kyrie Irving,DAL,OKC,DAL,10:08 PM
2MA,1,10:30,2,2,TIE,Daniel Gafford,DAL,OKC,DAL,10:08 PM
FD,1,10:19,2,2,TIE,Shai Gilgeous-Alexander,OKC,OKC,DAL,10:08 PM
FL,1,10:19,2,2,TIE,Daniel Gafford,DAL,OKC,DAL,10:08 PM
1MA,1,10:19,2,3,1,Shai Gilgeous-Alexander,OKC,OKC,DAL,10:08 PM
1MA,1,10:19,2,4,2,Shai Gilgeous-Alexander,OKC,OKC,DAL,10:09 PM
AS,1,10:07,4,4,TIE,Kyrie Irving,DAL,OKC,DAL,10:09 PM
2MA,1,10:07,4,4,TIE,Derrick Jones Jr.,DAL,OKC,DAL,10:09 PM
3MI,1,9:53,4,4,TIE,Luguentz Dort,OKC,OKC,DAL,10:09 PM
OR,1,9:50,4,4,TIE,Chet Holmgren,OKC,OKC,DAL,10:09 PM
AS,1,9:36,4,6,2,Shai Gilgeous-Alexander,OKC,OKC,DAL,10:10 PM
2MA,1,9:36,4,6,2,Josh Giddey,OKC,OKC,DAL,10:10 PM
3MA,1,9:27,7,6,-1,Kyrie Irving,DAL,OKC,DAL,10:11 PM
2MA,1,9:15,7,8,1,Josh Giddey,OKC,OKC,DAL,10:11 PM
TO,1,9:04,7,8,1,Derrick Jones Jr.,DAL,OKC,DAL,10:11 PM
BL,1,8:55,7,8,1,Daniel Gafford,DAL,OKC,DAL,10:11 PM
2MI,1,8:55,7,8,1,Jalen Williams,OKC,OKC,DAL,10:11 PM
TR,1,8:55,7,8,1,,,OKC,DAL,10:11 PM
AS,1,8:52,7,10,3,Josh Giddey,OKC,OKC,DAL,10:11 PM
2MA,1,8:52,7,10,3,Luguentz Dort,OKC,OKC,DAL,10:11 PM
FD,1,8:52,7,10,3,Luguentz Dort,OKC,OKC,DAL,10:12 PM
FL,1,8:52,7,10,3,Danté Exum,DAL,OKC,DAL,10:12 PM
1MA,1,8:52,7,11,4,Luguentz Dort,OKC,OKC,DAL,10:12 PM
2MA,1,8:34,9,11,2,P.J. Washington,DAL,OKC,DAL,10:12 PM
OT,1,8:25,9,11,2,Danté Exum,DAL,OKC,DAL,10:12 PM
IN,1,8:25,9,11,2,Josh Green,DAL,OKC,DAL,10:12 PM
FD,1,8:25,9,11,2,Danté Exum,DAL,OKC,DAL,10:12 PM
FL,1,8:25,9,11,2,Josh Giddey,OKC,OKC,DAL,10:12 PM
TO,1,8:25,9,11,2,Josh Giddey,OKC,OKC,DAL,10:12 PM
3MA,1,8:18,12,11,-1,Kyrie Irving,DAL,OKC,DAL,10:13 PM
TM,1,8:16,12,11,-1,,,OKC,DAL,10:13 PM
2MI,1,8:00,12,11,-1,Josh Giddey,OKC,OKC,DAL,10:17 PM
DR,1,7:56,12,11,-1,Kyrie Irving,DAL,OKC,DAL,10:17 PM
TO,1,7:53,12,11,-1,Josh Green,DAL,OKC,DAL,10:17 PM
AS,1,7:36,12,13,1,Shai Gilgeous-Alexander,OKC,OKC,DAL,10:17 PM
2MA,1,7:36,12,13,1,Jalen Williams,OKC,OKC,DAL,10:17 PM
3MI,1,7:18,12,13,1,Josh Green,DAL,OKC,DAL,10:18 PM
DR,1,7:15,12,13,1,Chet Holmgren,OKC,OKC,DAL,10:18 PM
2MA,1,7:10,12,15,3,Jalen Williams,OKC,OKC,DAL,10:18 PM
AS,1,6:52,15,15,TIE,Kyrie Irving,DAL,OKC,DAL,10:18 PM
3MA,1,6:52,15,15,TIE,Derrick Jones Jr.,DAL,OKC,DAL,10:18 PM
AS,1,6:30,15,18,3,Josh Giddey,OKC,OKC,DAL,10:18 PM
3MA,1,6:30,15,18,3,Jalen Williams,OKC,OKC,DAL,10:18 PM
AS,1,6:18,17,18,1,Kyrie Irving,DAL,OKC,DAL,10:19 PM
2MA,1,6:18,17,18,1,Daniel Gafford,DAL,OKC,DAL,10:19 PM
OT,1,6:12,17,18,1,Josh Giddey,OKC,OKC,DAL,10:19 PM
IN,1,6:12,17,18,1,Gordon Hayward,OKC,OKC,DAL,10:19 PM
OT,1,6:12,17,18,1,Daniel Gafford,DAL,OKC,DAL,10:19 PM
IN,1,6:12,17,18,1,Dereck Lively II,DAL,OKC,DAL,10:19 PM
FD,1,6:12,17,18,1,Kyrie Irving,DAL,OKC,DAL,10:19 PM
FL,1,6:12,17,18,1,Jalen Williams,OKC,OKC,DAL,10:19 PM
TO,1,6:12,17,18,1,Jalen Williams,OKC,OKC,DAL,10:19 PM
2MI,1,6:00,17,18,1,Kyrie Irving,DAL,OKC,DAL,10:19 PM
DR,1,5:58,17,18,1,Shai Gilgeous-Alexander,OKC,OKC,DAL,10:19 PM
ST,1,5:56,17,18,1,Kyrie Irving,DAL,OKC,DAL,10:19 PM
TO,1,5:56,17,18,1,Jalen Williams,OKC,OKC,DAL,10:19 PM
FD,1,5:47,17,18,1,P.J. Washington,DAL,OKC,DAL,10:20 PM
FL,1,5:47,17,18,1,Luguentz Dort,OKC,OKC,DAL,10:20 PM
1MA,1,5:47,18,18,TIE,P.J. Washington,DAL,OKC,DAL,10:20 PM
1MI,1,5:47,18,18,TIE,P.J. Washington,DAL,OKC,DAL,10:20 PM
DR,1,5:45,18,18,TIE,Chet Holmgren,OKC,OKC,DAL,10:20 PM
3MA,1,5:25,18,21,3,Shai Gilgeous-Alexander,OKC,OKC,DAL,10:21 PM
OT,1,5:11,18,21,3,Chet Holmgren,OKC,OKC,DAL,10:21 PM
OT,1,5:11,18,21,3,Jalen Williams,OKC,OKC,DAL,10:21 PM
IN,1,5:11,18,21,3,Isaiah Joe,OKC,OKC,DAL,10:21 PM
IN,1,5:11,18,21,3,Kenrich Williams,OKC,OKC,DAL,10:21 PM
OT,1,5:11,18,21,3,Derrick Jones Jr.,DAL,OKC,DAL,10:21 PM
IN,1,5:11,18,21,3,Tim Hardaway Jr.,DAL,OKC,DAL,10:21 PM
VI,1,5:11,18,21,3,Shai Gilgeous-Alexander,OKC,OKC,DAL,10:21 PM
3MI,1,4:56,18,21,3,P.J. Washington,DAL,OKC,DAL,10:22 PM
DR,1,4:53,18,21,3,Shai Gilgeous-Alexander,OKC,OKC,DAL,10:22 PM
OT,1,4:52,18,21,3,P.J. Washington,DAL,OKC,DAL,10:22 PM
IN,1,4:52,18,21,3,Maxi Kleber,DAL,OKC,DAL,10:22 PM
TO,1,4:48,18,21,3,Isaiah Joe,OKC,OKC,DAL,10:22 PM
AS,1,4:34,20,21,1,Kyrie Irving,DAL,OKC,DAL,10:23 PM
2MA,1,4:34,20,21,1,Josh Green,DAL,OKC,DAL,10:23 PM
3MI,1,4:20,20,21,1,Isaiah Joe,OKC,OKC,DAL,10:23 PM
DR,1,4:15,20,21,1,Maxi Kleber,DAL,OKC,DAL,10:23 PM
IN,1,4:12,20,21,1,Derrick Jones Jr.,DAL,OKC,DAL,10:23 PM
OT,1,4:12,20,21,1,Josh Green,DAL,OKC,DAL,10:23 PM
TM,1,4:12,20,21,1,,,OKC,DAL,10:23 PM
2MA,1,3:58,22,21,-1,Kyrie Irving,DAL,OKC,DAL,10:27 PM
FD,1,3:58,22,21,-1,Kyrie Irving,DAL,OKC,DAL,10:27 PM
FL,1,3:58,22,21,-1,Kenrich Williams,OKC,OKC,DAL,10:27 PM
1MA,1,3:58,23,21,-2,Kyrie Irving,DAL,OKC,DAL,10:27 PM
2MA,1,3:41,23,23,TIE,Shai Gilgeous-Alexander,OKC,OKC,DAL,10:28 PM
AS,1,3:22,25,23,-2,Kyrie Irving,DAL,OKC,DAL,10:28 PM
2MA,1,3:22,25,23,-2,Tim Hardaway Jr.,DAL,OKC,DAL,10:28 PM
3MI,1,3:14,25,23,-2,Luguentz Dort,OKC,OKC,DAL,10:28 PM
DR,1,3:09,25,23,-2,Tim Hardaway Jr.,DAL,OKC,DAL,10:28 PM
2MI,1,3:03,25,23,-2,Tim Hardaway Jr.,DAL,OKC,DAL,10:28 PM
DR,1,3:00,25,23,-2,Shai Gilgeous-Alexander,OKC,OKC,DAL,10:28 PM
AS,1,2:44,25,26,1,Luguentz Dort,OKC,OKC,DAL,10:29 PM
3MA,1,2:44,25,26,1,Isaiah Joe,OKC,OKC,DAL,10:29 PM
OT,1,2:19,25,26,1,Luguentz Dort,OKC,OKC,DAL,10:29 PM
IN,1,2:19,25,26,1,Cason Wallace,OKC,OKC,DAL,10:29 PM
IN,1,2:19,25,26,1,Danté Exum,DAL,OKC,DAL,10:29 PM
OT,1,2:19,25,26,1,Kyrie Irving,DAL,OKC,DAL,10:29 PM
3MI,1,2:19,25,26,1,Tim Hardaway Jr.,DAL,OKC,DAL,10:29 PM
TR,1,2:19,25,26,1,,,OKC,DAL,10:29 PM
3MI,1,2:05,25,26,1,Isaiah Joe,OKC,OKC,DAL,10:30 PM
OR,1,2:01,25,26,1,Kenrich Williams,OKC,OKC,DAL,10:30 PM
AS,1,1:50,25,29,4,Shai Gilgeous-Alexander,OKC,OKC,DAL,10:30 PM
3MA,1,1:50,25,29,4,Kenrich Williams,OKC,OKC,DAL,10:30 PM
TO,1,1:30,25,29,4,Tim Hardaway Jr.,DAL,OKC,DAL,10:30 PM
3MI,1,1:11,25,29,4,Kenrich Williams,OKC,OKC,DAL,10:31 PM
DR,1,1:07,25,29,4,Tim Hardaway Jr.,DAL,OKC,DAL,10:31 PM
FD,1,0:50,25,29,4,Dereck Lively II,DAL,OKC,DAL,10:31 PM
FL,1,0:50,25,29,4,Shai Gilgeous-Alexander,OKC,OKC,DAL,10:31 PM
2MI,1,0:43,25,29,4,Danté Exum,DAL,OKC,DAL,10:32 PM
DR,1,0:41,25,29,4,Kenrich Williams,OKC,OKC,DAL,10:32 PM
AS,1,0:36,25,31,6,Cason Wallace,OKC,OKC,DAL,10:32 PM
2MA,1,0:36,25,31,6,Isaiah Joe,OKC,OKC,DAL,10:32 PM
OT,1,0:15,25,31,6,Kenrich Williams,OKC,OKC,DAL,10:32 PM
OT,1,0:15,25,31,6,Cason Wallace,OKC,OKC,DAL,10:32 PM
IN,1,0:15,25,31,6,Mike Muscala,OKC,OKC,DAL,10:32 PM
IN,1,0:15,25,31,6,Lindy Waters III,OKC,OKC,DAL,10:32 PM
FD,1,0:15,25,31,6,Danté Exum,DAL,OKC,DAL,10:32 PM
FL,1,0:15,25,31,6,Gordon Hayward,OKC,OKC,DAL,10:32 PM
1MA,1,0:15,26,31,5,Danté Exum,DAL,OKC,DAL,10:33 PM
1MA,1,0:15,27,31,4,Danté Exum,DAL,OKC,DAL,10:33 PM
OT,1,0:03,27,31,4,Isaiah Joe,OKC,OKC,DAL,10:33 PM
IN,1,0:03,27,31,4,Kenrich Williams,OKC,OKC,DAL,10:33 PM
IN,1,0:03,27,31,4,Cason Wallace,OKC,OKC,DAL,10:33 PM
OT,1,0:03,27,31,4,Mike Muscala,OKC,OKC,DAL,10:33 PM
OT,1,0:03,27,31,4,Lindy Waters III,OKC,OKC,DAL,10:33 PM
IN,1,0:03,27,31,4,Aaron Wiggins,OKC,OKC,DAL,10:33 PM
FD,1,0:03,27,31,4,Shai Gilgeous-Alexander,OKC,OKC,DAL,10:33 PM
FL,1,0:03,27,31,4,Derrick Jones Jr.,DAL,OKC,DAL,10:33 PM
1MA,1,0:03,27,32,5,Shai Gilgeous-Alexander,OKC,OKC,DAL,10:34 PM
1MA,1,0:03,27,33,6,Shai Gilgeous-Alexander,OKC,OKC,DAL,10:34 PM
OT,1,0:00,27,33,6,Shai Gilgeous-Alexander,OKC,OKC,DAL,10:34 PM
OT,1,0:00,27,33,6,Kenrich Williams,OKC,OKC,DAL,10:34 PM
OT,1,0:00,27,33,6,Gordon Hayward,OKC,OKC,DAL,10:34 PM
OT,1,0:00,27,33,6,Cason Wallace,OKC,OKC,DAL,10:34 PM
OT,1,0:00,27,33,6,Aaron Wiggins,OKC,OKC,DAL,10:34 PM
OT,1,0:00,27,33,6,Danté Exum,DAL,OKC,DAL,10:34 PM
OT,1,0:00,27,33,6,Derrick Jones Jr.,DAL,OKC,DAL,10:34 PM
OT,1,0:00,27,33,6,Maxi Kleber,DAL,OKC,DAL,10:34 PM
OT,1,0:00,27,33,6,Tim Hardaway Jr.,DAL,OKC,DAL,10:34 PM
OT,1,0:00,27,33,6,Dereck Lively II,DAL,OKC,DAL,10:34 PM
2MI,1,0:00,27,33,6,Danté Exum,DAL,OKC,DAL,10:34 PM
TR,1,0:00,27,33,6,,,OKC,DAL,10:34 PM
EP,1,0:00,27,33,6,,,OKC,DAL,10:34 PM
SP,2,12:00,27,33,6,,,OKC,DAL,10:38 PM
IN,2,12:00,27,33,6,Chet Holmgren,OKC,OKC,DAL,10:38 PM
IN,2,12:00,27,33,6,Josh Giddey,OKC,OKC,DAL,10:38 PM
IN,2,12:00,27,33,6,Jalen Williams,OKC,OKC,DAL,10:38 PM
IN,2,12:00,27,33,6,Cason Wallace,OKC,OKC,DAL,10:38 PM
IN,2,12:00,27,33,6,Aaron Wiggins,OKC,OKC,DAL,10:38 PM
IN,2,12:00,27,33,6,P.J. Washington,DAL,OKC,DAL,10:38 PM
IN,2,12:00,27,33,6,Danté Exum,DAL,OKC,DAL,10:38 PM
IN,2,12:00,27,33,6,Daniel Gafford,DAL,OKC,DAL,10:38 PM
IN,2,12:00,27,33,6,Tim Hardaway Jr.,DAL,OKC,DAL,10:38 PM
IN,2,12:00,27,33,6,Jaden Hardy,DAL,OKC,DAL,10:38 PM
AS,2,11:51,29,33,4,Jaden Hardy,DAL,OKC,DAL,10:38 PM
2MA,2,11:51,29,33,4,Daniel Gafford,DAL,OKC,DAL,10:38 PM
TO,2,11:35,29,33,4,Josh Giddey,OKC,OKC,DAL,10:38 PM
FD,2,11:35,29,33,4,Jaden Hardy,DAL,OKC,DAL,10:38 PM
FL,2,11:35,29,33,4,Josh Giddey,OKC,OKC,DAL,10:38 PM
BL,2,11:23,29,33,4,Josh Giddey,OKC,OKC,DAL,10:39 PM
2MI,2,11:23,29,33,4,Danté Exum,DAL,OKC,DAL,10:39 PM
TR,2,11:23,29,33,4,,,OKC,DAL,10:39 PM
2MI,2,11:21,29,33,4,P.J. Washington,DAL,OKC,DAL,10:39 PM
OR,2,11:20,29,33,4,Tim Hardaway Jr.,DAL,OKC,DAL,10:39 PM
3MA,2,11:17,32,33,1,Tim Hardaway Jr.,DAL,OKC,DAL,10:39 PM
3MI,2,11:06,32,33,1,Chet Holmgren,OKC,OKC,DAL,10:39 PM
DR,2,11:03,32,33,1,Tim Hardaway Jr.,DAL,OKC,DAL,10:39 PM
3MI,2,10:55,32,33,1,P.J. Washington,DAL,OKC,DAL,10:39 PM
OR,2,10:53,32,33,1,Daniel Gafford,DAL,OKC,DAL,10:39 PM
2MA,2,10:53,34,33,-1,Daniel Gafford,DAL,OKC,DAL,10:39 PM
FD,2,10:53,34,33,-1,Daniel Gafford,DAL,OKC,DAL,10:39 PM
FL,2,10:53,34,33,-1,Cason Wallace,OKC,OKC,DAL,10:39 PM
1MA,2,10:53,35,33,-2,Daniel Gafford,DAL,OKC,DAL,10:40 PM
2MI,2,10:42,35,33,-2,Jalen Williams,OKC,OKC,DAL,10:40 PM
DR,2,10:38,35,33,-2,Daniel Gafford,DAL,OKC,DAL,10:40 PM
TO,2,10:31,35,33,-2,Jaden Hardy,DAL,OKC,DAL,10:40 PM
TM,2,10:22,35,33,-2,,,OKC,DAL,10:41 PM
AS,2,10:13,35,35,TIE,Josh Giddey,OKC,OKC,DAL,10:44 PM
2MA,2,10:13,35,35,TIE,Aaron Wiggins,OKC,OKC,DAL,10:44 PM
2MA,2,9:58,37,35,-2,Danté Exum,DAL,OKC,DAL,10:44 PM
3MI,2,9:47,37,35,-2,Cason Wallace,OKC,OKC,DAL,10:45 PM
DR,2,9:44,37,35,-2,Tim Hardaway Jr.,DAL,OKC,DAL,10:45 PM
TO,2,9:37,37,35,-2,Danté Exum,DAL,OKC,DAL,10:45 PM
AS,2,9:21,37,37,TIE,Josh Giddey,OKC,OKC,DAL,10:45 PM
2MA,2,9:21,37,37,TIE,Jalen Williams,OKC,OKC,DAL,10:45 PM
AS,2,9:08,40,37,-3,Jaden Hardy,DAL,OKC,DAL,10:45 PM
3MA,2,9:08,40,37,-3,Tim Hardaway Jr.,DAL,OKC,DAL,10:45 PM
3MI,2,8:56,40,37,-3,Josh Giddey,OKC,OKC,DAL,10:46 PM
DR,2,8:52,40,37,-3,Daniel Gafford,DAL,OKC,DAL,10:46 PM
BL,2,8:42,40,37,-3,Chet Holmgren,OKC,OKC,DAL,10:46 PM
2MI,2,8:42,40,37,-3,Daniel Gafford,DAL,OKC,DAL,10:46 PM
OT,2,8:41,40,37,-3,Danté Exum,DAL,OKC,DAL,10:46 PM
IN,2,8:41,40,37,-3,Kyrie Irving,DAL,OKC,DAL,10:46 PM
DR,2,8:41,40,37,-3,Chet Holmgren,OKC,OKC,DAL,10:46 PM
FD,2,8:41,40,37,-3,Chet Holmgren,OKC,OKC,DAL,10:46 PM
FL,2,8:41,40,37,-3,Danté Exum,DAL,OKC,DAL,10:46 PM
1MA,2,8:41,40,38,-2,Chet Holmgren,OKC,OKC,DAL,10:46 PM
AS,2,8:26,40,41,1,Cason Wallace,OKC,OKC,DAL,10:47 PM
3MA,2,8:26,40,41,1,Jalen Williams,OKC,OKC,DAL,10:47 PM
AS,2,8:09,42,41,-1,Jaden Hardy,DAL,OKC,DAL,10:47 PM
2MA,2,8:09,42,41,-1,Tim Hardaway Jr.,DAL,OKC,DAL,10:47 PM
2MI,2,7:58,42,41,-1,Jalen Williams,OKC,OKC,DAL,10:47 PM
DR,2,7:54,42,41,-1,Jaden Hardy,DAL,OKC,DAL,10:48 PM
3MI,2,7:48,42,41,-1,Tim Hardaway Jr.,DAL,OKC,DAL,10:48 PM
OR,2,7:43,42,41,-1,Daniel Gafford,DAL,OKC,DAL,10:48 PM
3MI,2,7:37,42,41,-1,P.J. Washington,DAL,OKC,DAL,10:48 PM
OR,2,7:34,42,41,-1,Kyrie Irving,DAL,OKC,DAL,10:48 PM
2MA,2,7:32,44,41,-3,Kyrie Irving,DAL,OKC,DAL,10:48 PM
ST,2,7:18,44,41,-3,Kyrie Irving,DAL,OKC,DAL,10:48 PM
TO,2,7:18,44,41,-3,Jalen Williams,OKC,OKC,DAL,10:48 PM
BL,2,7:16,44,41,-3,Jalen Williams,OKC,OKC,DAL,10:48 PM
2MI,2,7:16,44,41,-3,Kyrie Irving,DAL,OKC,DAL,10:48 PM
TR,2,7:16,44,41,-3,,,OKC,DAL,10:48 PM
2MI,2,6:59,44,41,-3,Daniel Gafford,DAL,OKC,DAL,10:49 PM
DR,2,6:53,44,41,-3,Aaron Wiggins,OKC,OKC,DAL,10:49 PM
AS,2,6:47,44,43,-1,Aaron Wiggins,OKC,OKC,DAL,10:49 PM
2MA,2,6:47,44,43,-1,Josh Giddey,OKC,OKC,DAL,10:49 PM
2MI,2,6:29,44,43,-1,Jaden Hardy,DAL,OKC,DAL,10:49 PM
DR,2,6:26,44,43,-1,Josh Giddey,OKC,OKC,DAL,10:49 PM
OT,2,6:22,44,43,-1,Chet Holmgren,OKC,OKC,DAL,10:49 PM
IN,2,6:22,44,43,-1,Gordon Hayward,OKC,OKC,DAL,10:49 PM
OT,2,6:22,44,43,-1,Aaron Wiggins,OKC,OKC,DAL,10:49 PM
IN,2,6:22,44,43,-1,Jaylin Williams,OKC,OKC,DAL,10:49 PM
OT,2,6:22,44,43,-1,Daniel Gafford,DAL,OKC,DAL,10:49 PM
IN,2,6:22,44,43,-1,Dereck Lively II,DAL,OKC,DAL,10:49 PM
2MA,2,6:22,44,45,1,Josh Giddey,OKC,OKC,DAL,10:49 PM
TM,2,6:22,44,45,1,,,OKC,DAL,10:49 PM
AS,2,6:01,46,45,-1,Tim Hardaway Jr.,DAL,OKC,DAL,10:53 PM
2MA,2,6:01,46,45,-1,Jaden Hardy,DAL,OKC,DAL,10:53 PM
FD,2,6:01,46,45,-1,Jaden Hardy,DAL,OKC,DAL,10:53 PM
FL,2,6:01,46,45,-1,Jalen Williams,OKC,OKC,DAL,10:53 PM
1MA,2,6:01,47,45,-2,Jaden Hardy,DAL,OKC,DAL,10:54 PM
3MI,2,5:39,47,45,-2,Josh Giddey,OKC,OKC,DAL,10:54 PM
DR,2,5:36,47,45,-2,Kyrie Irving,DAL,OKC,DAL,10:54 PM
2MI,2,5:28,47,45,-2,Jaden Hardy,DAL,OKC,DAL,10:54 PM
DR,2,5:25,47,45,-2,Jaylin Williams,OKC,OKC,DAL,10:54 PM
ST,2,5:17,47,45,-2,Jaden Hardy,DAL,OKC,DAL,10:54 PM
TO,2,5:17,47,45,-2,Josh Giddey,OKC,OKC,DAL,10:54 PM
IN,2,5:14,47,45,-2,Luguentz Dort,OKC,OKC,DAL,10:54 PM
OT,2,5:14,47,45,-2,Josh Giddey,OKC,OKC,DAL,10:54 PM
IN,2,5:14,47,45,-2,Shai Gilgeous-Alexander,OKC,OKC,DAL,10:54 PM
OT,2,5:14,47,45,-2,Jalen Williams,OKC,OKC,DAL,10:54 PM
IN,2,5:14,47,45,-2,Isaiah Joe,OKC,OKC,DAL,10:54 PM
OT,2,5:14,47,45,-2,Cason Wallace,OKC,OKC,DAL,10:54 PM
IN,2,5:14,47,45,-2,Derrick Jones Jr.,DAL,OKC,DAL,10:54 PM
OT,2,5:14,47,45,-2,Tim Hardaway Jr.,DAL,OKC,DAL,10:54 PM
FD,2,5:14,47,45,-2,P.J. Washington,DAL,OKC,DAL,10:54 PM
FL,2,5:14,47,45,-2,Jaylin Williams,OKC,OKC,DAL,10:54 PM
1MI,2,5:14,47,45,-2,P.J. Washington,DAL,OKC,DAL,10:55 PM
TR,2,5:14,47,45,-2,,,OKC,DAL,10:55 PM
1MA,2,5:14,48,45,-3,P.J. Washington,DAL,OKC,DAL,10:55 PM
OT,2,4:57,48,45,-3,P.J. Washington,DAL,OKC,DAL,10:55 PM
IN,2,4:57,48,45,-3,Maxi Kleber,DAL,OKC,DAL,10:55 PM
FD,2,4:57,48,45,-3,Shai Gilgeous-Alexander,OKC,OKC,DAL,10:56 PM
FL,2,4:57,48,45,-3,Dereck Lively II,DAL,OKC,DAL,10:56 PM
1MA,2,4:57,48,46,-2,Shai Gilgeous-Alexander,OKC,OKC,DAL,10:56 PM
1MA,2,4:57,48,47,-1,Shai Gilgeous-Alexander,OKC,OKC,DAL,10:56 PM
2MI,2,4:39,48,47,-1,Jaden Hardy,DAL,OKC,DAL,10:57 PM
DR,2,4:36,48,47,-1,Isaiah Joe,OKC,OKC,DAL,10:57 PM
AS,2,4:25,48,50,2,Isaiah Joe,OKC,OKC,DAL,10:57 PM
3MA,2,4:25,48,50,2,Luguentz Dort,OKC,OKC,DAL,10:57 PM
AS,2,4:08,50,50,TIE,Jaden Hardy,DAL,OKC,DAL,10:57 PM
2MA,2,4:08,50,50,TIE,Kyrie Irving,DAL,OKC,DAL,10:57 PM
AS,2,3:43,50,53,3,Luguentz Dort,OKC,OKC,DAL,10:58 PM
3MA,2,3:43,50,53,3,Isaiah Joe,OKC,OKC,DAL,10:58 PM
IN,2,3:28,50,53,3,Danté Exum,DAL,OKC,DAL,10:58 PM
IN,2,3:28,50,53,3,Daniel Gafford,DAL,OKC,DAL,10:58 PM
OT,2,3:28,50,53,3,Jaden Hardy,DAL,OKC,DAL,10:58 PM
OT,2,3:28,50,53,3,Dereck Lively II,DAL,OKC,DAL,10:58 PM
FD,2,3:28,50,53,3,Maxi Kleber,DAL,OKC,DAL,10:58 PM
FL,2,3:28,50,53,3,Luguentz Dort,OKC,OKC,DAL,10:58 PM
1MI,2,3:28,50,53,3,Maxi Kleber,DAL,OKC,DAL,10:58 PM
TR,2,3:28,50,53,3,,,OKC,DAL,10:58 PM
1MA,2,3:28,51,53,2,Maxi Kleber,DAL,OKC,DAL,10:59 PM
2MA,2,3:16,51,55,4,Shai Gilgeous-Alexander,OKC,OKC,DAL,10:59 PM
2MA,2,3:02,53,55,2,Kyrie Irving,DAL,OKC,DAL,10:59 PM
AS,2,2:45,53,58,5,Shai Gilgeous-Alexander,OKC,OKC,DAL,10:59 PM
3MA,2,2:45,53,58,5,Jaylin Williams,OKC,OKC,DAL,10:59 PM
AS,2,2:31,55,58,3,Kyrie Irving,DAL,OKC,DAL,11:00 PM
2MA,2,2:31,55,58,3,Maxi Kleber,DAL,OKC,DAL,11:00 PM
IN,2,2:15,55,58,3,Chet Holmgren,OKC,OKC,DAL,11:00 PM
OT,2,2:15,55,58,3,Gordon Hayward,OKC,OKC,DAL,11:00 PM
3MI,2,2:15,55,58,3,Gordon Hayward,OKC,OKC,DAL,11:00 PM
TR,2,2:15,55,58,3,,,OKC,DAL,11:00 PM
FD,2,2:15,55,58,3,Luguentz Dort,OKC,OKC,DAL,11:00 PM
FL,2,2:15,55,58,3,Danté Exum,DAL,OKC,DAL,11:00 PM
IN,2,2:10,55,58,3,Jalen Williams,OKC,OKC,DAL,11:00 PM
OT,2,2:10,55,58,3,Isaiah Joe,OKC,OKC,DAL,11:00 PM
OT,2,2:10,55,58,3,Danté Exum,DAL,OKC,DAL,11:00 PM
IN,2,2:10,55,58,3,Tim Hardaway Jr.,DAL,OKC,DAL,11:00 PM
FD,2,2:10,55,58,3,Shai Gilgeous-Alexander,OKC,OKC,DAL,11:01 PM
FL,2,2:10,55,58,3,Derrick Jones Jr.,DAL,OKC,DAL,11:01 PM
1MI,2,2:10,55,58,3,Shai Gilgeous-Alexander,OKC,OKC,DAL,11:01 PM
TR,2,2:10,55,58,3,,,OKC,DAL,11:01 PM
1MA,2,2:10,55,59,4,Shai Gilgeous-Alexander,OKC,OKC,DAL,11:01 PM
TO,2,1:59,55,59,4,Kyrie Irving,DAL,OKC,DAL,11:02 PM
RP,2,1:59,55,59,4,,,OKC,DAL,11:02 PM
AS,2,1:35,55,62,7,Jaylin Williams,OKC,OKC,DAL,11:04 PM
3MA,2,1:35,55,62,7,Chet Holmgren,OKC,OKC,DAL,11:04 PM
AS,2,1:25,58,62,4,Kyrie Irving,DAL,OKC,DAL,11:04 PM
3MA,2,1:25,58,62,4,Derrick Jones Jr.,DAL,OKC,DAL,11:04 PM
3MI,2,1:12,58,62,4,Jaylin Williams,OKC,OKC,DAL,11:05 PM
OR,2,1:09,58,62,4,Luguentz Dort,OKC,OKC,DAL,11:05 PM
AS,2,1:08,58,65,7,Luguentz Dort,OKC,OKC,DAL,11:05 PM
3MA,2,1:08,58,65,7,Jalen Williams,OKC,OKC,DAL,11:05 PM
IN,2,0:57,58,65,7,Isaiah Joe,OKC,OKC,DAL,11:05 PM
OT,2,0:57,58,65,7,Jaylin Williams,OKC,OKC,DAL,11:05 PM
IN,2,0:57,58,65,7,P.J. Washington,DAL,OKC,DAL,11:05 PM
OT,2,0:57,58,65,7,Daniel Gafford,DAL,OKC,DAL,11:05 PM
FD,2,0:57,58,65,7,Kyrie Irving,DAL,OKC,DAL,11:05 PM
FL,2,0:57,58,65,7,Chet Holmgren,OKC,OKC,DAL,11:05 PM
1MA,2,0:57,59,65,6,Kyrie Irving,DAL,OKC,DAL,11:05 PM
1MA,2,0:57,60,65,5,Kyrie Irving,DAL,OKC,DAL,11:06 PM
2MI,2,0:51,60,65,5,Jalen Williams,OKC,OKC,DAL,11:06 PM
DR,2,0:48,60,65,5,Tim Hardaway Jr.,DAL,OKC,DAL,11:06 PM
OT,2,0:38,60,65,5,Luguentz Dort,OKC,OKC,DAL,11:06 PM
IN,2,0:38,60,65,5,Cason Wallace,OKC,OKC,DAL,11:06 PM
FD,2,0:38,60,65,5,Kyrie Irving,DAL,OKC,DAL,11:06 PM
FL,2,0:38,60,65,5,Luguentz Dort,OKC,OKC,DAL,11:06 PM
1MA,2,0:38,61,65,4,Kyrie Irving,DAL,OKC,DAL,11:07 PM
1MA,2,0:38,62,65,3,Kyrie Irving,DAL,OKC,DAL,11:07 PM
1MA,2,0:38,63,65,2,Kyrie Irving,DAL,OKC,DAL,11:07 PM
3MI,2,0:29,63,65,2,Jalen Williams,OKC,OKC,DAL,11:08 PM
DR,2,0:26,63,65,2,P.J. Washington,DAL,OKC,DAL,11:08 PM
3MI,2,0:09,63,65,2,Maxi Kleber,DAL,OKC,DAL,11:08 PM
DR,2,0:06,63,65,2,Jalen Williams,OKC,OKC,DAL,11:08 PM
OT,2,0:00,63,65,2,Chet Holmgren,OKC,OKC,DAL,11:08 PM
OT,2,0:00,63,65,2,Shai Gilgeous-Alexander,OKC,OKC,DAL,11:08 PM
OT,2,0:00,63,65,2,Jalen Williams,OKC,OKC,DAL,11:08 PM
OT,2,0:00,63,65,2,Isaiah Joe,OKC,OKC,DAL,11:08 PM
OT,2,0:00,63,65,2,Cason Wallace,OKC,OKC,DAL,11:08 PM
OT,2,0:00,63,65,2,P.J. Washington,DAL,OKC,DAL,11:08 PM
OT,2,0:00,63,65,2,Derrick Jones Jr.,DAL,OKC,DAL,11:08 PM
OT,2,0:00,63,65,2,Kyrie Irving,DAL,OKC,DAL,11:08 PM
OT,2,0:00,63,65,2,Maxi Kleber,DAL,OKC,DAL,11:08 PM
OT,2,0:00,63,65,2,Tim Hardaway Jr.,DAL,OKC,DAL,11:08 PM
BL,2,0:00,63,65,2,Maxi Kleber,DAL,OKC,DAL,11:08 PM
2MI,2,0:00,63,65,2,Isaiah Joe,OKC,OKC,DAL,11:08 PM
OR,2,0:00,63,65,2,Isaiah Joe,OKC,OKC,DAL,11:08 PM
EP,2,0:00,63,65,2,,,OKC,DAL,11:09 PM
SP,3,12:00,63,65,2,,,OKC,DAL,11:26 PM
IN,3,12:00,63,65,2,Chet Holmgren,OKC,OKC,DAL,11:26 PM
IN,3,12:00,63,65,2,Luguentz Dort,OKC,OKC,DAL,11:26 PM
IN,3,12:00,63,65,2,Josh Giddey,OKC,OKC,DAL,11:26 PM
IN,3,12:00,63,65,2,Shai Gilgeous-Alexander,OKC,OKC,DAL,11:26 PM
IN,3,12:00,63,65,2,Jalen Williams,OKC,OKC,DAL,11:26 PM
IN,3,12:00,63,65,2,P.J. Washington,DAL,OKC,DAL,11:26 PM
IN,3,12:00,63,65,2,Danté Exum,DAL,OKC,DAL,11:26 PM
IN,3,12:00,63,65,2,Daniel Gafford,DAL,OKC,DAL,11:26 PM
IN,3,12:00,63,65,2,Derrick Jones Jr.,DAL,OKC,DAL,11:26 PM
IN,3,12:00,63,65,2,Kyrie Irving,DAL,OKC,DAL,11:26 PM
AS,3,11:47,66,65,-1,Danté Exum,DAL,OKC,DAL,11:26 PM
3MA,3,11:47,66,65,-1,Kyrie Irving,DAL,OKC,DAL,11:26 PM
AS,3,11:28,66,68,2,Jalen Williams,OKC,OKC,DAL,11:26 PM
3MA,3,11:28,66,68,2,Luguentz Dort,OKC,OKC,DAL,11:26 PM
3MI,3,11:14,66,68,2,Kyrie Irving,DAL,OKC,DAL,11:27 PM
DR,3,11:13,66,68,2,Shai Gilgeous-Alexander,OKC,OKC,DAL,11:27 PM
3MI,3,11:06,66,68,2,Luguentz Dort,OKC,OKC,DAL,11:27 PM
DR,3,11:02,66,68,2,Daniel Gafford,DAL,OKC,DAL,11:27 PM
2MI,3,10:52,66,68,2,P.J. Washington,DAL,OKC,DAL,11:27 PM
DR,3,10:49,66,68,2,Chet Holmgren,OKC,OKC,DAL,11:27 PM
FD,3,10:49,66,68,2,Chet Holmgren,OKC,OKC,DAL,11:27 PM
FL,3,10:49,66,68,2,Daniel Gafford,DAL,OKC,DAL,11:27 PM
2MA,3,10:35,66,70,4,Chet Holmgren,OKC,OKC,DAL,11:27 PM
BL,3,10:16,66,70,4,Jalen Williams,OKC,OKC,DAL,11:28 PM
2MI,3,10:16,66,70,4,P.J. Washington,DAL,OKC,DAL,11:28 PM
OR,3,10:14,66,70,4,Daniel Gafford,DAL,OKC,DAL,11:28 PM
FD,3,10:14,66,70,4,Daniel Gafford,DAL,OKC,DAL,11:28 PM
FL,3,10:14,66,70,4,Shai Gilgeous-Alexander,OKC,OKC,DAL,11:28 PM
1MA,3,10:14,67,70,3,Daniel Gafford,DAL,OKC,DAL,11:28 PM
1MA,3,10:14,68,70,2,Daniel Gafford,DAL,OKC,DAL,11:29 PM
2MI,3,9:58,68,70,2,Luguentz Dort,OKC,OKC,DAL,11:29 PM
DR,3,9:51,68,70,2,Daniel Gafford,DAL,OKC,DAL,11:29 PM
ST,3,9:45,68,70,2,Shai Gilgeous-Alexander,OKC,OKC,DAL,11:29 PM
TO,3,9:45,68,70,2,Daniel Gafford,DAL,OKC,DAL,11:29 PM
3MI,3,9:34,68,70,2,Josh Giddey,OKC,OKC,DAL,11:30 PM
DR,3,9:31,68,70,2,Kyrie Irving,DAL,OKC,DAL,11:30 PM
FD,3,9:28,68,70,2,Luguentz Dort,OKC,OKC,DAL,11:30 PM
FL,3,9:28,68,70,2,Daniel Gafford,DAL,OKC,DAL,11:30 PM
TO,3,9:28,68,70,2,Daniel Gafford,DAL,OKC,DAL,11:30 PM
3MI,3,9:15,68,70,2,Josh Giddey,OKC,OKC,DAL,11:30 PM
OR,3,9:12,68,70,2,Josh Giddey,OKC,OKC,DAL,11:30 PM
2MA,3,9:10,68,72,4,Josh Giddey,OKC,OKC,DAL,11:30 PM
TM,3,9:07,68,72,4,,,OKC,DAL,11:30 PM
2MI,3,8:53,68,72,4,Danté Exum,DAL,OKC,DAL,11:34 PM
DR,3,8:52,68,72,4,Josh Giddey,OKC,OKC,DAL,11:34 PM
AS,3,8:33,68,75,7,Jalen Williams,OKC,OKC,DAL,11:35 PM
3MA,3,8:33,68,75,7,Josh Giddey,OKC,OKC,DAL,11:35 PM
3MI,3,8:17,68,75,7,Danté Exum,DAL,OKC,DAL,11:35 PM
DR,3,8:14,68,75,7,Jalen Williams,OKC,OKC,DAL,11:35 PM
2MA,3,8:06,68,77,9,Shai Gilgeous-Alexander,OKC,OKC,DAL,11:35 PM
AS,3,7:51,70,77,7,Kyrie Irving,DAL,OKC,DAL,11:35 PM
2MA,3,7:51,70,77,7,Daniel Gafford,DAL,OKC,DAL,11:35 PM
2MI,3,7:40,70,77,7,Jalen Williams,OKC,OKC,DAL,11:35 PM
DR,3,7:37,70,77,7,Daniel Gafford,DAL,OKC,DAL,11:35 PM
ST,3,7:32,70,77,7,Josh Giddey,OKC,OKC,DAL,11:36 PM
TO,3,7:32,70,77,7,Kyrie Irving,DAL,OKC,DAL,11:36 PM
AS,3,7:25,70,79,9,Josh Giddey,OKC,OKC,DAL,11:36 PM
2MA,3,7:25,70,79,9,Chet Holmgren,OKC,OKC,DAL,11:36 PM
3MI,3,7:10,70,79,9,P.J. Washington,DAL,OKC,DAL,11:36 PM
DR,3,7:07,70,79,9,Jalen Williams,OKC,OKC,DAL,11:36 PM
2MI,3,6:56,70,79,9,Shai Gilgeous-Alexander,OKC,OKC,DAL,11:36 PM
DR,3,6:54,70,79,9,Daniel Gafford,DAL,OKC,DAL,11:36 PM
OT,3,6:51,70,79,9,Danté Exum,DAL,OKC,DAL,11:36 PM
OT,3,6:51,70,79,9,Daniel Gafford,DAL,OKC,DAL,11:36 PM
IN,3,6:51,70,79,9,Tim Hardaway Jr.,DAL,OKC,DAL,11:36 PM
IN,3,6:51,70,79,9,Dereck Lively II,DAL,OKC,DAL,11:36 PM
FD,3,6:51,70,79,9,Danté Exum,DAL,OKC,DAL,11:36 PM
FL,3,6:51,70,79,9,Josh Giddey,OKC,OKC,DAL,11:36 PM
OT,3,6:46,70,79,9,Josh Giddey,OKC,OKC,DAL,11:36 PM
IN,3,6:46,70,79,9,Gordon Hayward,OKC,OKC,DAL,11:36 PM
FD,3,6:46,70,79,9,Kyrie Irving,DAL,OKC,DAL,11:37 PM
FL,3,6:46,70,79,9,Luguentz Dort,OKC,OKC,DAL,11:37 PM
ST,3,6:40,70,79,9,Luguentz Dort,OKC,OKC,DAL,11:38 PM
TO,3,6:40,70,79,9,Tim Hardaway Jr.,DAL,OKC,DAL,11:38 PM
2MA,3,6:25,70,81,11,Shai Gilgeous-Alexander,OKC,OKC,DAL,11:38 PM
FD,3,6:25,70,81,11,Shai Gilgeous-Alexander,OKC,OKC,DAL,11:38 PM
FL,3,6:25,70,81,11,Dereck Lively II,DAL,OKC,DAL,11:38 PM
1MI,3,6:25,70,81,11,Shai Gilgeous-Alexander,OKC,OKC,DAL,11:38 PM
DR,3,6:23,70,81,11,Dereck Lively II,DAL,OKC,DAL,11:38 PM
2MI,3,6:13,70,81,11,Dereck Lively II,DAL,OKC,DAL,11:39 PM
DR,3,6:10,70,81,11,Jalen Williams,OKC,OKC,DAL,11:39 PM
ST,3,6:07,70,81,11,Derrick Jones Jr.,DAL,OKC,DAL,11:39 PM
TO,3,6:07,70,81,11,Shai Gilgeous-Alexander,OKC,OKC,DAL,11:39 PM
BL,3,6:02,70,81,11,Jalen Williams,OKC,OKC,DAL,11:39 PM
2MI,3,6:02,70,81,11,Derrick Jones Jr.,DAL,OKC,DAL,11:39 PM
TR,3,6:02,70,81,11,,,OKC,DAL,11:39 PM
AS,3,5:55,73,81,8,Kyrie Irving,DAL,OKC,DAL,11:39 PM
3MA,3,5:55,73,81,8,Tim Hardaway Jr.,DAL,OKC,DAL,11:39 PM
2MI,3,5:41,73,81,8,Jalen Williams,OKC,OKC,DAL,11:40 PM
DR,3,5:39,73,81,8,P.J. Washington,DAL,OKC,DAL,11:40 PM
OT,3,5:34,73,81,8,Luguentz Dort,OKC,OKC,DAL,11:40 PM
IN,3,5:34,73,81,8,Cason Wallace,OKC,OKC,DAL,11:40 PM
OT,3,5:34,73,81,8,P.J. Washington,DAL,OKC,DAL,11:40 PM
IN,3,5:34,73,81,8,Maxi Kleber,DAL,OKC,DAL,11:40 PM
FD,3,5:34,73,81,8,Kyrie Irving,DAL,OKC,DAL,11:40 PM
FL,3,5:34,73,81,8,Gordon Hayward,OKC,OKC,DAL,11:40 PM
1MA,3,5:34,74,81,7,Kyrie Irving,DAL,OKC,DAL,11:40 PM
1MA,3,5:34,75,81,6,Kyrie Irving,DAL,OKC,DAL,11:40 PM
ST,3,5:19,75,81,6,Tim Hardaway Jr.,DAL,OKC,DAL,11:41 PM
TO,3,5:19,75,81,6,Cason Wallace,OKC,OKC,DAL,11:41 PM
ST,3,5:06,75,81,6,Jalen Williams,OKC,OKC,DAL,11:41 PM
TO,3,5:06,75,81,6,Kyrie Irving,DAL,OKC,DAL,11:41 PM
AS,3,5:02,75,83,8,Jalen Williams,OKC,OKC,DAL,11:41 PM
2MA,3,5:02,75,83,8,Gordon Hayward,OKC,OKC,DAL,11:41 PM
BL,3,4:44,75,83,8,Cason Wallace,OKC,OKC,DAL,11:41 PM
2MI,3,4:44,75,83,8,Derrick Jones Jr.,DAL,OKC,DAL,11:41 PM
DR,3,4:42,75,83,8,Cason Wallace,OKC,OKC,DAL,11:42 PM
ST,3,4:40,75,83,8,Maxi Kleber,DAL,OKC,DAL,11:42 PM
TO,3,4:40,75,83,8,Cason Wallace,OKC,OKC,DAL,11:42 PM
OT,3,4:31,75,83,8,Chet Holmgren,OKC,OKC,DAL,11:42 PM
OT,3,4:31,75,83,8,Jalen Williams,OKC,OKC,DAL,11:42 PM
IN,3,4:31,75,83,8,Isaiah Joe,OKC,OKC,DAL,11:42 PM
IN,3,4:31,75,83,8,Jaylin Williams,OKC,OKC,DAL,11:42 PM
AS,3,4:31,77,83,6,Kyrie Irving,DAL,OKC,DAL,11:42 PM
2MA,3,4:31,77,83,6,Dereck Lively II,DAL,OKC,DAL,11:42 PM
TM,3,4:31,77,83,6,,,OKC,DAL,11:43 PM
FD,3,4:15,77,83,6,Shai Gilgeous-Alexander,OKC,OKC,DAL,11:45 PM
FL,3,4:15,77,83,6,Derrick Jones Jr.,DAL,OKC,DAL,11:45 PM
1MI,3,4:15,77,83,6,Shai Gilgeous-Alexander,OKC,OKC,DAL,11:46 PM
TR,3,4:15,77,83,6,,,OKC,DAL,11:46 PM
1MA,3,4:15,77,84,7,Shai Gilgeous-Alexander,OKC,OKC,DAL,11:46 PM
2MA,3,3:57,79,84,5,Kyrie Irving,DAL,OKC,DAL,11:47 PM
IN,3,3:46,79,84,5,Danté Exum,DAL,OKC,DAL,11:47 PM
OT,3,3:46,79,84,5,Derrick Jones Jr.,DAL,OKC,DAL,11:47 PM
FD,3,3:46,79,84,5,Cason Wallace,OKC,OKC,DAL,11:47 PM
FL,3,3:46,79,84,5,Derrick Jones Jr.,DAL,OKC,DAL,11:47 PM
FD,3,3:37,79,84,5,Danté Exum,DAL,OKC,DAL,11:48 PM
FL,3,3:37,79,84,5,Jaylin Williams,OKC,OKC,DAL,11:48 PM
TO,3,3:37,79,84,5,Jaylin Williams,OKC,OKC,DAL,11:48 PM
AS,3,3:21,82,84,2,Tim Hardaway Jr.,DAL,OKC,DAL,11:48 PM
3MA,3,3:21,82,84,2,Danté Exum,DAL,OKC,DAL,11:48 PM
2MA,3,3:05,82,86,4,Shai Gilgeous-Alexander,OKC,OKC,DAL,11:48 PM
2MI,3,2:39,82,86,4,Kyrie Irving,DAL,OKC,DAL,11:49 PM
OR,3,2:35,82,86,4,Dereck Lively II,DAL,OKC,DAL,11:49 PM
2MA,3,2:34,84,86,2,Dereck Lively II,DAL,OKC,DAL,11:49 PM
3MI,3,2:22,84,86,2,Jaylin Williams,OKC,OKC,DAL,11:49 PM
DR,3,2:19,84,86,2,Tim Hardaway Jr.,DAL,OKC,DAL,11:49 PM
ST,3,2:05,84,86,2,Cason Wallace,OKC,OKC,DAL,11:49 PM
TO,3,2:05,84,86,2,Danté Exum,DAL,OKC,DAL,11:49 PM
AS,3,1:58,84,89,5,Shai Gilgeous-Alexander,OKC,OKC,DAL,11:49 PM
3MA,3,1:58,84,89,5,Cason Wallace,OKC,OKC,DAL,11:49 PM
IN,3,1:56,84,89,5,Kenrich Williams,OKC,OKC,DAL,11:49 PM
OT,3,1:56,84,89,5,Jaylin Williams,OKC,OKC,DAL,11:49 PM
IN,3,1:56,84,89,5,P.J. Washington,DAL,OKC,DAL,11:49 PM
OT,3,1:56,84,89,5,Danté Exum,DAL,OKC,DAL,11:49 PM
IN,3,1:56,84,89,5,Jaden Hardy,DAL,OKC,DAL,11:49 PM
OT,3,1:56,84,89,5,Dereck Lively II,DAL,OKC,DAL,11:49 PM
TM,3,1:56,84,89,5,,,OKC,DAL,11:50 PM
ST,3,1:38,84,89,5,Gordon Hayward,OKC,OKC,DAL,11:52 PM
TO,3,1:38,84,89,5,Kyrie Irving,DAL,OKC,DAL,11:52 PM
AS,3,1:29,84,91,7,Gordon Hayward,OKC,OKC,DAL,11:52 PM
2MA,3,1:29,84,91,7,Kenrich Williams,OKC,OKC,DAL,11:52 PM
2MI,3,1:12,84,91,7,Jaden Hardy,DAL,OKC,DAL,11:52 PM
DR,3,1:07,84,91,7,Shai Gilgeous-Alexander,OKC,OKC,DAL,11:52 PM
3MI,3,1:05,84,91,7,Shai Gilgeous-Alexander,OKC,OKC,DAL,11:52 PM
OR,3,1:05,84,91,7,Gordon Hayward,OKC,OKC,DAL,11:52 PM
FD,3,1:05,84,91,7,Gordon Hayward,OKC,OKC,DAL,11:52 PM
FL,3,1:05,84,91,7,Tim Hardaway Jr.,DAL,OKC,DAL,11:52 PM
1MA,3,1:05,84,92,8,Gordon Hayward,OKC,OKC,DAL,11:53 PM
1MA,3,1:05,84,93,9,Gordon Hayward,OKC,OKC,DAL,11:53 PM
ST,3,0:51,84,93,9,Isaiah Joe,OKC,OKC,DAL,11:53 PM
TO,3,0:51,84,93,9,P.J. Washington,DAL,OKC,DAL,11:53 PM
2MI,3,0:46,84,93,9,Shai Gilgeous-Alexander,OKC,OKC,DAL,11:53 PM
OR,3,0:46,84,93,9,Shai Gilgeous-Alexander,OKC,OKC,DAL,11:53 PM
FD,3,0:36,84,93,9,Shai Gilgeous-Alexander,OKC,OKC,DAL,11:54 PM
FL,3,0:36,84,93,9,P.J. Washington,DAL,OKC,DAL,11:54 PM
1MA,3,0:36,84,94,10,Shai Gilgeous-Alexander,OKC,OKC,DAL,11:54 PM
1MA,3,0:36,84,95,11,Shai Gilgeous-Alexander,OKC,OKC,DAL,11:54 PM
AS,3,0:25,87,95,8,Jaden Hardy,DAL,OKC,DAL,11:54 PM
3MA,3,0:25,87,95,8,Tim Hardaway Jr.,DAL,OKC,DAL,11:54 PM
2MI,3,0:03,87,95,8,Shai Gilgeous-Alexander,OKC,OKC,DAL,11:55 PM
DR,3,0:01,87,95,8,Jaden Hardy,DAL,OKC,DAL,11:55 PM
OT,3,0:00,87,95,8,Shai Gilgeous-Alexander,OKC,OKC,DAL,11:55 PM
OT,3,0:00,87,95,8,Isaiah Joe,OKC,OKC,DAL,11:55 PM
OT,3,0:00,87,95,8,Kenrich Williams,OKC,OKC,DAL,11:55 PM
OT,3,0:00,87,95,8,Gordon Hayward,OKC,OKC,DAL,11:55 PM
OT,3,0:00,87,95,8,Cason Wallace,OKC,OKC,DAL,11:55 PM
OT,3,0:00,87,95,8,P.J. Washington,DAL,OKC,DAL,11:55 PM
OT,3,0:00,87,95,8,Kyrie Irving,DAL,OKC,DAL,11:55 PM
OT,3,0:00,87,95,8,Maxi Kleber,DAL,OKC,DAL,11:55 PM
OT,3,0:00,87,95,8,Tim Hardaway Jr.,DAL,OKC,DAL,11:55 PM
OT,3,0:00,87,95,8,Jaden Hardy,DAL,OKC,DAL,11:55 PM
ST,3,0:00,87,95,8,Cason Wallace,OKC,OKC,DAL,11:55 PM
TO,3,0:00,87,95,8,Jaden Hardy,DAL,OKC,DAL,11:55 PM
EP,3,0:00,87,95,8,,,OKC,DAL,11:55 PM
SP,4,12:00,87,95,8,,,OKC,DAL,11:59 PM
IN,4,12:00,87,95,8,Chet Holmgren,OKC,OKC,DAL,11:59 PM
IN,4,12:00,87,95,8,Josh Giddey,OKC,OKC,DAL,11:59 PM
IN,4,12:00,87,95,8,Jalen Williams,OKC,OKC,DAL,11:59 PM
IN,4,12:00,87,95,8,Gordon Hayward,OKC,OKC,DAL,11:59 PM
IN,4,12:00,87,95,8,Aaron Wiggins,OKC,OKC,DAL,11:59 PM
IN,4,12:00,87,95,8,P.J. Washington,DAL,OKC,DAL,11:59 PM
IN,4,12:00,87,95,8,Danté Exum,DAL,OKC,DAL,11:59 PM
IN,4,12:00,87,95,8,Daniel Gafford,DAL,OKC,DAL,11:59 PM
IN,4,12:00,87,95,8,Tim Hardaway Jr.,DAL,OKC,DAL,11:59 PM
IN,4,12:00,87,95,8,Jaden Hardy,DAL,OKC,DAL,11:59 PM
2MI,4,11:39,87,95,8,Gordon Hayward,OKC,OKC,DAL,11:59 PM
DR,4,11:36,87,95,8,Daniel Gafford,DAL,OKC,DAL,11:59 PM
AS,4,11:13,89,95,6,Danté Exum,DAL,OKC,DAL,11:59 PM
2MA,4,11:13,89,95,6,Jaden Hardy,DAL,OKC,DAL,11:59 PM
FD,4,10:58,89,95,6,Gordon Hayward,OKC,OKC,DAL,12:00 AM
FL,4,10:58,89,95,6,Tim Hardaway Jr.,DAL,OKC,DAL,12:00 AM
1MA,4,10:58,89,96,7,Gordon Hayward,OKC,OKC,DAL,12:00 AM
1MA,4,10:58,89,97,8,Gordon Hayward,OKC,OKC,DAL,12:00 AM
AS,4,10:47,91,97,6,Tim Hardaway Jr.,DAL,OKC,DAL,12:01 AM
2MA,4,10:47,91,97,6,Daniel Gafford,DAL,OKC,DAL,12:01 AM
3MI,4,10:38,91,97,6,Aaron Wiggins,OKC,OKC,DAL,12:01 AM
DR,4,10:35,91,97,6,P.J. Washington,DAL,OKC,DAL,12:01 AM
FD,4,10:32,91,97,6,P.J. Washington,DAL,OKC,DAL,12:01 AM
FL,4,10:32,91,97,6,Josh Giddey,OKC,OKC,DAL,12:01 AM
1MA,4,10:32,92,97,5,P.J. Washington,DAL,OKC,DAL,12:01 AM
1MA,4,10:32,93,97,4,P.J. Washington,DAL,OKC,DAL,12:01 AM
2MA,4,10:20,93,99,6,Jalen Williams,OKC,OKC,DAL,12:02 AM
BL,4,10:06,93,99,6,Aaron Wiggins,OKC,OKC,DAL,12:02 AM
2MI,4,10:06,93,99,6,Jaden Hardy,DAL,OKC,DAL,12:02 AM
OR,4,10:05,93,99,6,Daniel Gafford,DAL,OKC,DAL,12:02 AM
2MA,4,10:04,95,99,4,Daniel Gafford,DAL,OKC,DAL,12:02 AM
3MI,4,9:54,95,99,4,Josh Giddey,OKC,OKC,DAL,12:02 AM
TR,4,9:54,95,99,4,,,OKC,DAL,12:02 AM
FD,4,9:54,95,99,4,Chet Holmgren,OKC,OKC,DAL,12:02 AM
FL,4,9:54,95,99,4,Jaden Hardy,DAL,OKC,DAL,12:02 AM
AS,4,9:50,95,102,7,Chet Holmgren,OKC,OKC,DAL,12:03 AM
3MA,4,9:50,95,102,7,Josh Giddey,OKC,OKC,DAL,12:03 AM
2MA,4,9:36,97,102,5,Jaden Hardy,DAL,OKC,DAL,12:03 AM
TM,4,9:36,97,102,5,,,OKC,DAL,12:03 AM
TO,4,9:25,97,102,5,Aaron Wiggins,OKC,OKC,DAL,12:07 AM
3MI,4,9:13,97,102,5,P.J. Washington,DAL,OKC,DAL,12:07 AM
OR,4,9:10,97,102,5,Daniel Gafford,DAL,OKC,DAL,12:07 AM
2MA,4,9:08,99,102,3,Daniel Gafford,DAL,OKC,DAL,12:07 AM
2MA,4,8:52,99,104,5,Jalen Williams,OKC,OKC,DAL,12:07 AM
2MA,4,8:40,101,104,3,Jaden Hardy,DAL,OKC,DAL,12:08 AM
2MA,4,8:23,101,106,5,Jalen Williams,OKC,OKC,DAL,12:08 AM
ST,4,8:02,101,106,5,Chet Holmgren,OKC,OKC,DAL,12:08 AM
TO,4,8:02,101,106,5,Danté Exum,DAL,OKC,DAL,12:08 AM
AS,4,7:55,101,109,8,Jalen Williams,OKC,OKC,DAL,12:08 AM
3MA,4,7:55,101,109,8,Chet Holmgren,OKC,OKC,DAL,12:08 AM
IN,4,7:54,101,109,8,Luguentz Dort,OKC,OKC,DAL,12:08 AM
OT,4,7:54,101,109,8,Josh Giddey,OKC,OKC,DAL,12:08 AM
IN,4,7:54,101,109,8,Shai Gilgeous-Alexander,OKC,OKC,DAL,12:08 AM
IN,4,7:54,101,109,8,Isaiah Joe,OKC,OKC,DAL,12:08 AM
OT,4,7:54,101,109,8,Gordon Hayward,OKC,OKC,DAL,12:08 AM
OT,4,7:54,101,109,8,Aaron Wiggins,OKC,OKC,DAL,12:08 AM
OT,4,7:54,101,109,8,Danté Exum,DAL,OKC,DAL,12:08 AM
IN,4,7:54,101,109,8,Kyrie Irving,DAL,OKC,DAL,12:08 AM
TM,4,7:54,101,109,8,,,OKC,DAL,12:09 AM
AS,4,7:36,103,109,6,P.J. Washington,DAL,OKC,DAL,12:12 AM
2MA,4,7:36,103,109,6,Kyrie Irving,DAL,OKC,DAL,12:12 AM
IN,4,7:22,103,109,6,Derrick Jones Jr.,DAL,OKC,DAL,12:12 AM
OT,4,7:22,103,109,6,Tim Hardaway Jr.,DAL,OKC,DAL,12:12 AM
FD,4,7:22,103,109,6,Isaiah Joe,OKC,OKC,DAL,12:12 AM
FL,4,7:22,103,109,6,Kyrie Irving,DAL,OKC,DAL,12:12 AM
OT,4,7:18,103,109,6,Chet Holmgren,OKC,OKC,DAL,12:12 AM
IN,4,7:18,103,109,6,Jaylin Williams,OKC,OKC,DAL,12:12 AM
FD,4,7:18,103,109,6,Shai Gilgeous-Alexander,OKC,OKC,DAL,12:13 AM
FL,4,7:18,103,109,6,P.J. Washington,DAL,OKC,DAL,12:13 AM
1MA,4,7:18,103,110,7,Shai Gilgeous-Alexander,OKC,OKC,DAL,12:13 AM
1MA,4,7:18,103,111,8,Shai Gilgeous-Alexander,OKC,OKC,DAL,12:14 AM
AS,4,7:06,105,111,6,Daniel Gafford,DAL,OKC,DAL,12:14 AM
2MA,4,7:06,105,111,6,Kyrie Irving,DAL,OKC,DAL,12:14 AM
2MI,4,6:53,105,111,6,Jalen Williams,OKC,OKC,DAL,12:14 AM
DR,4,6:49,105,111,6,P.J. Washington,DAL,OKC,DAL,12:14 AM
3MI,4,6:44,105,111,6,P.J. Washington,DAL,OKC,DAL,12:14 AM
DR,4,6:40,105,111,6,Shai Gilgeous-Alexander,OKC,OKC,DAL,12:14 AM
AS,4,6:31,105,114,9,Isaiah Joe,OKC,OKC,DAL,12:14 AM
3MA,4,6:31,105,114,9,Luguentz Dort,OKC,OKC,DAL,12:14 AM
TO,4,6:15,105,114,9,Jaden Hardy,DAL,OKC,DAL,12:15 AM
TM,4,6:15,105,114,9,,,OKC,DAL,12:15 AM
RP,4,6:15,105,114,9,,,OKC,DAL,12:15 AM
RP,4,6:15,105,114,9,,,OKC,DAL,12:16 AM
AS,4,5:57,105,116,11,Jaylin Williams,OKC,OKC,DAL,12:18 AM
2MA,4,5:57,105,116,11,Shai Gilgeous-Alexander,OKC,OKC,DAL,12:18 AM
2MI,4,5:43,105,116,11,Jaden Hardy,DAL,OKC,DAL,12:19 AM
2MA,4,5:34,107,116,9,Derrick Jones Jr.,DAL,OKC,DAL,12:19 AM
OR,4,5:34,107,116,9,Derrick Jones Jr.,DAL,OKC,DAL,12:19 AM
3MI,4,5:22,107,116,9,Shai Gilgeous-Alexander,OKC,OKC,DAL,12:19 AM
DR,4,5:18,107,116,9,Daniel Gafford,DAL,OKC,DAL,12:19 AM
IN,4,5:14,107,116,9,Chet Holmgren,OKC,OKC,DAL,12:19 AM
OT,4,5:14,107,116,9,Jaylin Williams,OKC,OKC,DAL,12:19 AM
OT,4,5:14,107,116,9,Daniel Gafford,DAL,OKC,DAL,12:19 AM
IN,4,5:14,107,116,9,Maxi Kleber,DAL,OKC,DAL,12:19 AM
IN,4,5:14,107,116,9,Tim Hardaway Jr.,DAL,OKC,DAL,12:19 AM
OT,4,5:14,107,116,9,Jaden Hardy,DAL,OKC,DAL,12:19 AM
FD,4,5:14,107,116,9,P.J. Washington,DAL,OKC,DAL,12:19 AM
FL,4,5:14,107,116,9,Jaylin Williams,OKC,OKC,DAL,12:19 AM
1MI,4,5:14,107,116,9,P.J. Washington,DAL,OKC,DAL,12:20 AM
TR,4,5:14,107,116,9,,,OKC,DAL,12:20 AM
1MI,4,5:14,107,116,9,P.J. Washington,DAL,OKC,DAL,12:20 AM
DR,4,5:11,107,116,9,Chet Holmgren,OKC,OKC,DAL,12:20 AM
2MA,4,4:55,107,118,11,Jalen Williams,OKC,OKC,DAL,12:21 AM
AS,4,4:44,110,118,8,Kyrie Irving,DAL,OKC,DAL,12:21 AM
3MA,4,4:44,110,118,8,Tim Hardaway Jr.,DAL,OKC,DAL,12:21 AM
2MA,4,4:22,110,120,10,Shai Gilgeous-Alexander,OKC,OKC,DAL,12:21 AM
3MI,4,4:05,110,120,10,Tim Hardaway Jr.,DAL,OKC,DAL,12:22 AM
DR,4,4:03,110,120,10,Shai Gilgeous-Alexander,OKC,OKC,DAL,12:22 AM
2MI,4,3:51,110,120,10,Shai Gilgeous-Alexander,OKC,OKC,DAL,12:22 AM
DR,4,3:45,110,120,10,Tim Hardaway Jr.,DAL,OKC,DAL,12:22 AM
2MA,4,3:42,112,120,8,Tim Hardaway Jr.,DAL,OKC,DAL,12:22 AM
3MI,4,3:26,112,120,8,Isaiah Joe,OKC,OKC,DAL,12:22 AM
DR,4,3:21,112,120,8,Maxi Kleber,DAL,OKC,DAL,12:22 AM
2MA,4,3:17,114,120,6,Kyrie Irving,DAL,OKC,DAL,12:22 AM
OT,4,3:02,114,120,6,Isaiah Joe,OKC,OKC,DAL,12:22 AM
IN,4,3:02,114,120,6,Cason Wallace,OKC,OKC,DAL,12:22 AM
FD,4,3:02,114,120,6,Kyrie Irving,DAL,OKC,DAL,12:23 AM
FL,4,3:02,114,120,6,Luguentz Dort,OKC,OKC,DAL,12:23 AM
TO,4,3:02,114,120,6,Luguentz Dort,OKC,OKC,DAL,12:23 AM
FD,4,2:48,114,120,6,Kyrie Irving,DAL,OKC,DAL,12:23 AM
FL,4,2:48,114,120,6,Jalen Williams,OKC,OKC,DAL,12:23 AM
3MI,4,2:43,114,120,6,Kyrie Irving,DAL,OKC,DAL,12:25 AM
TR,4,2:41,114,120,6,,,OKC,DAL,12:25 AM
FD,4,2:28,114,120,6,Jalen Williams,OKC,OKC,DAL,12:25 AM
FL,4,2:28,114,120,6,P.J. Washington,DAL,OKC,DAL,12:25 AM
1MA,4,2:28,114,121,7,Jalen Williams,OKC,OKC,DAL,12:26 AM
1MA,4,2:28,114,122,8,Jalen Williams,OKC,OKC,DAL,12:26 AM
FD,4,2:18,114,122,8,Kyrie Irving,DAL,OKC,DAL,12:26 AM
FL,4,2:18,114,122,8,Cason Wallace,OKC,OKC,DAL,12:26 AM
3MI,4,2:08,114,122,8,P.J. Washington,DAL,OKC,DAL,12:27 AM
TR,4,2:04,114,122,8,,,OKC,DAL,12:27 AM
FD,4,1:55,114,122,8,Luguentz Dort,OKC,OKC,DAL,12:27 AM
FL,4,1:55,114,122,8,P.J. Washington,DAL,OKC,DAL,12:27 AM
TO,4,1:55,114,122,8,P.J. Washington,DAL,OKC,DAL,12:27 AM
2MI,4,1:38,114,122,8,Jalen Williams,OKC,OKC,DAL,12:28 AM
DR,4,1:36,114,122,8,Tim Hardaway Jr.,DAL,OKC,DAL,12:28 AM
3MI,4,1:32,114,122,8,Tim Hardaway Jr.,DAL,OKC,DAL,12:28 AM
DR,4,1:27,114,122,8,Shai Gilgeous-Alexander,OKC,OKC,DAL,12:28 AM
2MA,4,1:20,114,124,10,Shai Gilgeous-Alexander,OKC,OKC,DAL,12:28 AM
AS,4,1:10,117,124,7,Maxi Kleber,DAL,OKC,DAL,12:28 AM
3MA,4,1:10,117,124,7,Kyrie Irving,DAL,OKC,DAL,12:28 AM
3MI,4,0:49,117,124,7,Jalen Williams,OKC,OKC,DAL,12:29 AM
OR,4,0:45,117,124,7,Cason Wallace,OKC,OKC,DAL,12:29 AM
AS,4,0:45,117,126,9,Cason Wallace,OKC,OKC,DAL,12:29 AM
2MA,4,0:45,117,126,9,Jalen Williams,OKC,OKC,DAL,12:29 AM
TM,4,0:45,117,126,9,,,OKC,DAL,12:29 AM
3MI,4,0:40,117,126,9,Kyrie Irving,DAL,OKC,DAL,12:31 AM
DR,4,0:37,117,126,9,Chet Holmgren,OKC,OKC,DAL,12:31 AM
3MI,4,0:19,117,126,9,Shai Gilgeous-Alexander,OKC,OKC,DAL,12:31 AM
OT,4,0:18,117,126,9,Luguentz Dort,OKC,OKC,DAL,12:31 AM
IN,4,0:18,117,126,9,Josh Giddey,OKC,OKC,DAL,12:31 AM
TR,4,0:18,117,126,9,,,OKC,DAL,12:31 AM
FD,4,0:18,117,126,9,Tim Hardaway Jr.,DAL,OKC,DAL,12:31 AM
FL,4,0:18,117,126,9,Luguentz Dort,OKC,OKC,DAL,12:31 AM
1MA,4,0:18,118,126,8,Tim Hardaway Jr.,DAL,OKC,DAL,12:32 AM
1MA,4,0:18,119,126,7,Tim Hardaway Jr.,DAL,OKC,DAL,12:32 AM
OT,4,0:00,119,126,7,Chet Holmgren,OKC,OKC,DAL,12:32 AM
OT,4,0:00,119,126,7,Josh Giddey,OKC,OKC,DAL,12:32 AM
OT,4,0:00,119,126,7,Shai Gilgeous-Alexander,OKC,OKC,DAL,12:32 AM
OT,4,0:00,119,126,7,Jalen Williams,OKC,OKC,DAL,12:32 AM
OT,4,0:00,119,126,7,Cason Wallace,OKC,OKC,DAL,12:32 AM
OT,4,0:00,119,126,7,P.J. Washington,DAL,OKC,DAL,12:32 AM
OT,4,0:00,119,126,7,Derrick Jones Jr.,DAL,OKC,DAL,12:32 AM
OT,4,0:00,119,126,7,Kyrie Irving,DAL,OKC,DAL,12:32 AM
OT,4,0:00,119,126,7,Maxi Kleber,DAL,OKC,DAL,12:32 AM
OT,4,0:00,119,126,7,Tim Hardaway Jr.,DAL,OKC,DAL,12:32 AM
EP,4,0:00,119,126,7,,,OKC,DAL,12:32 AM
